<LibraryDocument xmlns:xsi="http://www.w3.org/2001/XMLSchema-instance" xmlns:xsd="http://www.w3.org/2001/XMLSchema"><Properties><Property Name="HasTemporaryContent" Value="True" /></Properties><Contents><Content UniqueId="6591c174-92b5-428c-bac6-ccc18afbc4c7" Hash="" Description="Content_aeafacc3-d5d1-4408-887d-8e3b0c18fd09" RelativePath="Content_aeafacc3-d5d1-4408-887d-8e3b0c18fd09" FullPath=".\\SCCM-Delet profile_files\Content_aeafacc3-d5d1-4408-887d-8e3b0c18fd09\" SingleFile="false" StorageType="FileSystem" FullOwnership="true" OriginalPath="\\sccm-data\Software\Schedule_Task\Profile_Script\" OriginalStorage="FileSystem" /></Contents><EntryObjects><Object Path="SMS_Application.ModelName='ScopeId_D5898518-3658-4B0E-8752-FF73A8247863/Application_f3c65eba-feea-44c4-8e0e-d42bc717b0b0',CIVersion=1" Type="SMS_Application" /></EntryObjects></LibraryDocument>