<INSTANCE CLASSNAME="SMS_Application"><QUALIFIER NAME="dynamic" PROPAGATED="true" TYPE="boolean" TOSUBCLASS="false" TOINSTANCE="true"><VALUE>TRUE</VALUE></QUALIFIER><QUALIFIER NAME="SecurityVerbs" TYPE="sint32" TOSUBCLASS="false"><VALUE>805448727</VALUE></QUALIFIER><PROPERTY NAME="__PATH" CLASSORIGIN="___SYSTEM" TYPE="string"><VALUE>\\SC-CONFIG2\root\sms\site_FS1:SMS_Application.CI_ID=17958390</VALUE></PROPERTY><PROPERTY NAME="__NAMESPACE" CLASSORIGIN="___SYSTEM" TYPE="string"><VALUE>root\sms\site_FS1</VALUE></PROPERTY><PROPERTY NAME="__SERVER" CLASSORIGIN="___SYSTEM" TYPE="string"><VALUE>SC-CONFIG2</VALUE></PROPERTY><PROPERTY.ARRAY NAME="__DERIVATION" CLASSORIGIN="___SYSTEM" TYPE="string"><VALUE.ARRAY><VALUE>SMS_ConfigurationItemBaseClass</VALUE><VALUE>SMS_BaseClass</VALUE></VALUE.ARRAY></PROPERTY.ARRAY><PROPERTY NAME="__PROPERTY_COUNT" CLASSORIGIN="___SYSTEM" TYPE="sint32"><VALUE>66</VALUE></PROPERTY><PROPERTY NAME="__RELPATH" CLASSORIGIN="___SYSTEM" TYPE="string"><VALUE>SMS_Application.CI_ID=17958390</VALUE></PROPERTY><PROPERTY NAME="__DYNASTY" CLASSORIGIN="___SYSTEM" TYPE="string"><VALUE>SMS_BaseClass</VALUE></PROPERTY><PROPERTY NAME="__SUPERCLASS" CLASSORIGIN="___SYSTEM" TYPE="string"><VALUE>SMS_ConfigurationItemBaseClass</VALUE></PROPERTY><PROPERTY NAME="__CLASS" CLASSORIGIN="___SYSTEM" TYPE="string"><VALUE>SMS_Application</VALUE></PROPERTY><PROPERTY NAME="__GENUS" CLASSORIGIN="___SYSTEM" TYPE="sint32"><VALUE>2</VALUE></PROPERTY><PROPERTY NAME="ApplicabilityCondition" CLASSORIGIN="SMS_ConfigurationItemBaseClass" TYPE="string"><QUALIFIER NAME="CIMTYPE" PROPAGATED="true" TYPE="string" TOINSTANCE="true"><VALUE>string</VALUE></QUALIFIER><VALUE></VALUE></PROPERTY><PROPERTY.ARRAY NAME="CategoryInstance_UniqueIDs" CLASSORIGIN="SMS_ConfigurationItemBaseClass" TYPE="string"><QUALIFIER NAME="CIMTYPE" PROPAGATED="true" TYPE="string" TOINSTANCE="true"><VALUE>string</VALUE></QUALIFIER><VALUE.ARRAY></VALUE.ARRAY></PROPERTY.ARRAY><PROPERTY NAME="CI_ID" CLASSORIGIN="SMS_ConfigurationItemBaseClass" TYPE="uint32"><QUALIFIER NAME="CIMTYPE" PROPAGATED="true" TYPE="string" TOINSTANCE="true"><VALUE>uint32</VALUE></QUALIFIER><QUALIFIER NAME="key" PROPAGATED="true" TYPE="boolean" OVERRIDABLE="false" TOINSTANCE="true"><VALUE>TRUE</VALUE></QUALIFIER><VALUE>17958390</VALUE></PROPERTY><PROPERTY NAME="CI_UniqueID" CLASSORIGIN="SMS_ConfigurationItemBaseClass" TYPE="string"><QUALIFIER NAME="CIMTYPE" PROPAGATED="true" TYPE="string" TOINSTANCE="true"><VALUE>string</VALUE></QUALIFIER><VALUE>ScopeId_D5898518-3658-4B0E-8752-FF73A8247863/Application_f3c65eba-feea-44c4-8e0e-d42bc717b0b0/1</VALUE></PROPERTY><PROPERTY NAME="CIType_ID" CLASSORIGIN="SMS_ConfigurationItemBaseClass" TYPE="uint32"><QUALIFIER NAME="CIMTYPE" PROPAGATED="true" TYPE="string" TOINSTANCE="true"><VALUE>uint32</VALUE></QUALIFIER><VALUE>10</VALUE></PROPERTY><PROPERTY NAME="CIVersion" CLASSORIGIN="SMS_ConfigurationItemBaseClass" TYPE="uint32"><QUALIFIER NAME="CIMTYPE" PROPAGATED="true" TYPE="string" TOINSTANCE="true"><VALUE>uint32</VALUE></QUALIFIER><VALUE>1</VALUE></PROPERTY><PROPERTY NAME="ConfigurationFlags" CLASSORIGIN="SMS_ConfigurationItemBaseClass" TYPE="uint64"><QUALIFIER NAME="CIMTYPE" PROPAGATED="true" TYPE="string" TOINSTANCE="true"><VALUE>uint64</VALUE></QUALIFIER><VALUE>0</VALUE></PROPERTY><PROPERTY NAME="CreatedBy" CLASSORIGIN="SMS_ConfigurationItemBaseClass" TYPE="string"><QUALIFIER NAME="CIMTYPE" PROPAGATED="true" TYPE="string" TOINSTANCE="true"><VALUE>string</VALUE></QUALIFIER><VALUE>STAFF\IT.Louis.Razo</VALUE></PROPERTY><PROPERTY NAME="DateCreated" CLASSORIGIN="SMS_ConfigurationItemBaseClass" TYPE="datetime"><QUALIFIER NAME="CIMTYPE" PROPAGATED="true" TYPE="string" TOINSTANCE="true"><VALUE>datetime</VALUE></QUALIFIER><VALUE>20180731202552.000000+000</VALUE></PROPERTY><PROPERTY NAME="DateLastModified" CLASSORIGIN="SMS_ConfigurationItemBaseClass" TYPE="datetime"><QUALIFIER NAME="CIMTYPE" PROPAGATED="true" TYPE="string" TOINSTANCE="true"><VALUE>datetime</VALUE></QUALIFIER><VALUE>20180731202552.000000+000</VALUE></PROPERTY><PROPERTY NAME="EffectiveDate" CLASSORIGIN="SMS_ConfigurationItemBaseClass" TYPE="datetime"><QUALIFIER NAME="CIMTYPE" PROPAGATED="true" TYPE="string" TOINSTANCE="true"><VALUE>datetime</VALUE></QUALIFIER></PROPERTY><PROPERTY NAME="EULAAccepted" CLASSORIGIN="SMS_ConfigurationItemBaseClass" TYPE="uint32"><QUALIFIER NAME="CIMTYPE" PROPAGATED="true" TYPE="string" TOINSTANCE="true"><VALUE>uint32</VALUE></QUALIFIER><VALUE>2</VALUE></PROPERTY><PROPERTY NAME="EULAExists" CLASSORIGIN="SMS_ConfigurationItemBaseClass" TYPE="boolean"><QUALIFIER NAME="CIMTYPE" PROPAGATED="true" TYPE="string" TOINSTANCE="true"><VALUE>boolean</VALUE></QUALIFIER><VALUE>FALSE</VALUE></PROPERTY><PROPERTY NAME="EULASignoffDate" CLASSORIGIN="SMS_ConfigurationItemBaseClass" TYPE="datetime"><QUALIFIER NAME="CIMTYPE" PROPAGATED="true" TYPE="string" TOINSTANCE="true"><VALUE>datetime</VALUE></QUALIFIER><VALUE>19691231160000.000000+***</VALUE></PROPERTY><PROPERTY NAME="EULASignoffUser" CLASSORIGIN="SMS_ConfigurationItemBaseClass" TYPE="string"><QUALIFIER NAME="CIMTYPE" PROPAGATED="true" TYPE="string" TOINSTANCE="true"><VALUE>string</VALUE></QUALIFIER><VALUE></VALUE></PROPERTY><PROPERTY NAME="ExecutionContext" CLASSORIGIN="SMS_ConfigurationItemBaseClass" TYPE="uint32"><QUALIFIER NAME="CIMTYPE" PROPAGATED="true" TYPE="string" TOINSTANCE="true"><VALUE>uint32</VALUE></QUALIFIER><VALUE>0</VALUE></PROPERTY><PROPERTY NAME="Featured" CLASSORIGIN="SMS_Application" TYPE="uint32"><QUALIFIER NAME="CIMTYPE" PROPAGATED="true" TYPE="string" TOINSTANCE="true"><VALUE>uint32</VALUE></QUALIFIER><VALUE>0</VALUE></PROPERTY><PROPERTY NAME="HasContent" CLASSORIGIN="SMS_Application" TYPE="boolean"><QUALIFIER NAME="CIMTYPE" PROPAGATED="true" TYPE="string" TOINSTANCE="true"><VALUE>boolean</VALUE></QUALIFIER><VALUE>TRUE</VALUE></PROPERTY><PROPERTY NAME="IsBundle" CLASSORIGIN="SMS_ConfigurationItemBaseClass" TYPE="boolean"><QUALIFIER NAME="CIMTYPE" PROPAGATED="true" TYPE="string" TOINSTANCE="true"><VALUE>boolean</VALUE></QUALIFIER><VALUE>FALSE</VALUE></PROPERTY><PROPERTY NAME="IsDeployable" CLASSORIGIN="SMS_Application" TYPE="boolean"><QUALIFIER NAME="CIMTYPE" PROPAGATED="true" TYPE="string" TOINSTANCE="true"><VALUE>boolean</VALUE></QUALIFIER><VALUE>TRUE</VALUE></PROPERTY><PROPERTY NAME="IsDeployed" CLASSORIGIN="SMS_Application" TYPE="boolean"><QUALIFIER NAME="CIMTYPE" PROPAGATED="true" TYPE="string" TOINSTANCE="true"><VALUE>boolean</VALUE></QUALIFIER><VALUE>TRUE</VALUE></PROPERTY><PROPERTY NAME="IsDigest" CLASSORIGIN="SMS_ConfigurationItemBaseClass" TYPE="boolean"><QUALIFIER NAME="CIMTYPE" PROPAGATED="true" TYPE="string" TOINSTANCE="true"><VALUE>boolean</VALUE></QUALIFIER><VALUE>TRUE</VALUE></PROPERTY><PROPERTY NAME="IsEnabled" CLASSORIGIN="SMS_ConfigurationItemBaseClass" TYPE="boolean"><QUALIFIER NAME="CIMTYPE" PROPAGATED="true" TYPE="string" TOINSTANCE="true"><VALUE>boolean</VALUE></QUALIFIER><VALUE>TRUE</VALUE></PROPERTY><PROPERTY NAME="IsExpired" CLASSORIGIN="SMS_ConfigurationItemBaseClass" TYPE="boolean"><QUALIFIER NAME="CIMTYPE" PROPAGATED="true" TYPE="string" TOINSTANCE="true"><VALUE>boolean</VALUE></QUALIFIER><VALUE>FALSE</VALUE></PROPERTY><PROPERTY NAME="IsHidden" CLASSORIGIN="SMS_ConfigurationItemBaseClass" TYPE="boolean"><QUALIFIER NAME="CIMTYPE" PROPAGATED="true" TYPE="string" TOINSTANCE="true"><VALUE>boolean</VALUE></QUALIFIER><VALUE>FALSE</VALUE></PROPERTY><PROPERTY NAME="IsLatest" CLASSORIGIN="SMS_ConfigurationItemBaseClass" TYPE="boolean"><QUALIFIER NAME="CIMTYPE" PROPAGATED="true" TYPE="string" TOINSTANCE="true"><VALUE>boolean</VALUE></QUALIFIER><VALUE>TRUE</VALUE></PROPERTY><PROPERTY NAME="IsQuarantined" CLASSORIGIN="SMS_ConfigurationItemBaseClass" TYPE="boolean"><QUALIFIER NAME="CIMTYPE" PROPAGATED="true" TYPE="string" TOINSTANCE="true"><VALUE>boolean</VALUE></QUALIFIER><VALUE>FALSE</VALUE></PROPERTY><PROPERTY NAME="IsSuperseded" CLASSORIGIN="SMS_ConfigurationItemBaseClass" TYPE="boolean"><QUALIFIER NAME="CIMTYPE" PROPAGATED="true" TYPE="string" TOINSTANCE="true"><VALUE>boolean</VALUE></QUALIFIER><VALUE>FALSE</VALUE></PROPERTY><PROPERTY NAME="IsSuperseding" CLASSORIGIN="SMS_Application" TYPE="boolean"><QUALIFIER NAME="CIMTYPE" PROPAGATED="true" TYPE="string" TOINSTANCE="true"><VALUE>boolean</VALUE></QUALIFIER><VALUE>FALSE</VALUE></PROPERTY><PROPERTY NAME="IsUserDefined" CLASSORIGIN="SMS_ConfigurationItemBaseClass" TYPE="boolean"><QUALIFIER NAME="CIMTYPE" PROPAGATED="true" TYPE="string" TOINSTANCE="true"><VALUE>boolean</VALUE></QUALIFIER><VALUE>TRUE</VALUE></PROPERTY><PROPERTY NAME="IsVersionCompatible" CLASSORIGIN="SMS_ConfigurationItemBaseClass" TYPE="boolean"><QUALIFIER NAME="CIMTYPE" PROPAGATED="true" TYPE="string" TOINSTANCE="true"><VALUE>boolean</VALUE></QUALIFIER></PROPERTY><PROPERTY NAME="LastModifiedBy" CLASSORIGIN="SMS_ConfigurationItemBaseClass" TYPE="string"><QUALIFIER NAME="CIMTYPE" PROPAGATED="true" TYPE="string" TOINSTANCE="true"><VALUE>string</VALUE></QUALIFIER><VALUE>STAFF\IT.Louis.Razo</VALUE></PROPERTY><PROPERTY.ARRAY NAME="LocalizedCategoryInstanceNames" CLASSORIGIN="SMS_ConfigurationItemBaseClass" TYPE="string"><QUALIFIER NAME="CIMTYPE" PROPAGATED="true" TYPE="string" TOINSTANCE="true"><VALUE>string</VALUE></QUALIFIER><VALUE.ARRAY></VALUE.ARRAY></PROPERTY.ARRAY><PROPERTY NAME="LocalizedDescription" CLASSORIGIN="SMS_ConfigurationItemBaseClass" TYPE="string"><QUALIFIER NAME="CIMTYPE" PROPAGATED="true" TYPE="string" TOINSTANCE="true"><VALUE>string</VALUE></QUALIFIER><VALUE></VALUE></PROPERTY><PROPERTY NAME="LocalizedDisplayName" CLASSORIGIN="SMS_ConfigurationItemBaseClass" TYPE="string"><QUALIFIER NAME="CIMTYPE" PROPAGATED="true" TYPE="string" TOINSTANCE="true"><VALUE>string</VALUE></QUALIFIER><VALUE>Delete_Profile_Schedule</VALUE></PROPERTY><PROPERTY NAME="LocalizedInformativeURL" CLASSORIGIN="SMS_ConfigurationItemBaseClass" TYPE="string"><QUALIFIER NAME="CIMTYPE" PROPAGATED="true" TYPE="string" TOINSTANCE="true"><VALUE>string</VALUE></QUALIFIER><VALUE></VALUE></PROPERTY><PROPERTY NAME="LocalizedPropertyLocaleID" CLASSORIGIN="SMS_ConfigurationItemBaseClass" TYPE="uint32"><QUALIFIER NAME="CIMTYPE" PROPAGATED="true" TYPE="string" TOINSTANCE="true"><VALUE>uint32</VALUE></QUALIFIER><VALUE>65535</VALUE></PROPERTY><PROPERTY NAME="LogonRequirement" CLASSORIGIN="SMS_Application" TYPE="uint32"><QUALIFIER NAME="CIMTYPE" PROPAGATED="true" TYPE="string" TOINSTANCE="true"><VALUE>uint32</VALUE></QUALIFIER><VALUE>0</VALUE></PROPERTY><PROPERTY NAME="Manufacturer" CLASSORIGIN="SMS_Application" TYPE="string"><QUALIFIER NAME="CIMTYPE" PROPAGATED="true" TYPE="string" TOINSTANCE="true"><VALUE>string</VALUE></QUALIFIER><VALUE></VALUE></PROPERTY><PROPERTY NAME="ModelID" CLASSORIGIN="SMS_ConfigurationItemBaseClass" TYPE="uint32"><QUALIFIER NAME="CIMTYPE" PROPAGATED="true" TYPE="string" TOINSTANCE="true"><VALUE>uint32</VALUE></QUALIFIER><VALUE>17952587</VALUE></PROPERTY><PROPERTY NAME="ModelName" CLASSORIGIN="SMS_ConfigurationItemBaseClass" TYPE="string"><QUALIFIER NAME="CIMTYPE" PROPAGATED="true" TYPE="string" TOINSTANCE="true"><VALUE>string</VALUE></QUALIFIER><VALUE>ScopeId_D5898518-3658-4B0E-8752-FF73A8247863/Application_f3c65eba-feea-44c4-8e0e-d42bc717b0b0</VALUE></PROPERTY><PROPERTY NAME="NumberOfDependentDTs" CLASSORIGIN="SMS_Application" TYPE="uint32"><QUALIFIER NAME="CIMTYPE" PROPAGATED="true" TYPE="string" TOINSTANCE="true"><VALUE>uint32</VALUE></QUALIFIER><VALUE>0</VALUE></PROPERTY><PROPERTY NAME="NumberOfDependentTS" CLASSORIGIN="SMS_Application" TYPE="uint32"><QUALIFIER NAME="CIMTYPE" PROPAGATED="true" TYPE="string" TOINSTANCE="true"><VALUE>uint32</VALUE></QUALIFIER><VALUE>0</VALUE></PROPERTY><PROPERTY NAME="NumberOfDeployments" CLASSORIGIN="SMS_Application" TYPE="uint32"><QUALIFIER NAME="CIMTYPE" PROPAGATED="true" TYPE="string" TOINSTANCE="true"><VALUE>uint32</VALUE></QUALIFIER><VALUE>1</VALUE></PROPERTY><PROPERTY NAME="NumberOfDeploymentTypes" CLASSORIGIN="SMS_Application" TYPE="uint32"><QUALIFIER NAME="CIMTYPE" PROPAGATED="true" TYPE="string" TOINSTANCE="true"><VALUE>uint32</VALUE></QUALIFIER><VALUE>1</VALUE></PROPERTY><PROPERTY NAME="NumberOfDevicesWithApp" CLASSORIGIN="SMS_Application" TYPE="uint32"><QUALIFIER NAME="CIMTYPE" PROPAGATED="true" TYPE="string" TOINSTANCE="true"><VALUE>uint32</VALUE></QUALIFIER><VALUE>1</VALUE></PROPERTY><PROPERTY NAME="NumberOfDevicesWithFailure" CLASSORIGIN="SMS_Application" TYPE="uint32"><QUALIFIER NAME="CIMTYPE" PROPAGATED="true" TYPE="string" TOINSTANCE="true"><VALUE>uint32</VALUE></QUALIFIER><VALUE>0</VALUE></PROPERTY><PROPERTY NAME="NumberOfSettings" CLASSORIGIN="SMS_Application" TYPE="uint32"><QUALIFIER NAME="CIMTYPE" PROPAGATED="true" TYPE="string" TOINSTANCE="true"><VALUE>uint32</VALUE></QUALIFIER><VALUE>0</VALUE></PROPERTY><PROPERTY NAME="NumberOfUsersWithApp" CLASSORIGIN="SMS_Application" TYPE="uint32"><QUALIFIER NAME="CIMTYPE" PROPAGATED="true" TYPE="string" TOINSTANCE="true"><VALUE>uint32</VALUE></QUALIFIER><VALUE>0</VALUE></PROPERTY><PROPERTY NAME="NumberOfUsersWithFailure" CLASSORIGIN="SMS_Application" TYPE="uint32"><QUALIFIER NAME="CIMTYPE" PROPAGATED="true" TYPE="string" TOINSTANCE="true"><VALUE>uint32</VALUE></QUALIFIER><VALUE>0</VALUE></PROPERTY><PROPERTY NAME="NumberOfUsersWithRequest" CLASSORIGIN="SMS_Application" TYPE="uint32"><QUALIFIER NAME="CIMTYPE" PROPAGATED="true" TYPE="string" TOINSTANCE="true"><VALUE>uint32</VALUE></QUALIFIER><VALUE>0</VALUE></PROPERTY><PROPERTY NAME="NumberOfVirtualEnvironments" CLASSORIGIN="SMS_Application" TYPE="uint32"><QUALIFIER NAME="CIMTYPE" PROPAGATED="true" TYPE="string" TOINSTANCE="true"><VALUE>uint32</VALUE></QUALIFIER><VALUE>0</VALUE></PROPERTY><PROPERTY NAME="PackageID" CLASSORIGIN="SMS_Application" TYPE="string"><QUALIFIER NAME="CIMTYPE" PROPAGATED="true" TYPE="string" TOINSTANCE="true"><VALUE>string</VALUE></QUALIFIER><VALUE>FS10076D</VALUE></PROPERTY><PROPERTY NAME="PermittedUses" CLASSORIGIN="SMS_ConfigurationItemBaseClass" TYPE="uint32"><QUALIFIER NAME="CIMTYPE" PROPAGATED="true" TYPE="string" TOINSTANCE="true"><VALUE>uint32</VALUE></QUALIFIER><VALUE>0</VALUE></PROPERTY><PROPERTY.ARRAY NAME="PlatformCategoryInstance_UniqueIDs" CLASSORIGIN="SMS_ConfigurationItemBaseClass" TYPE="string"><QUALIFIER NAME="CIMTYPE" PROPAGATED="true" TYPE="string" TOINSTANCE="true"><VALUE>string</VALUE></QUALIFIER><VALUE.ARRAY></VALUE.ARRAY></PROPERTY.ARRAY><PROPERTY NAME="PlatformType" CLASSORIGIN="SMS_ConfigurationItemBaseClass" TYPE="uint32"><QUALIFIER NAME="CIMTYPE" PROPAGATED="true" TYPE="string" TOINSTANCE="true"><VALUE>uint32</VALUE></QUALIFIER><VALUE>1</VALUE></PROPERTY><PROPERTY.OBJECTARRAY NAME="SDMPackageLocalizedData" CLASSORIGIN="SMS_ConfigurationItemBaseClass" PROPAGATED="true" REFERENCECLASS="SMS_SDMPackageLocalizedData"><QUALIFIER NAME="CIMTYPE" PROPAGATED="true" TYPE="string" TOINSTANCE="true"><VALUE>object:SMS_SDMPackageLocalizedData</VALUE></QUALIFIER></PROPERTY.OBJECTARRAY><PROPERTY NAME="SDMPackageVersion" CLASSORIGIN="SMS_ConfigurationItemBaseClass" TYPE="uint32"><QUALIFIER NAME="CIMTYPE" PROPAGATED="true" TYPE="string" TOINSTANCE="true"><VALUE>uint32</VALUE></QUALIFIER><VALUE>1</VALUE></PROPERTY><PROPERTY NAME="SDMPackageXML" CLASSORIGIN="SMS_ConfigurationItemBaseClass" TYPE="string"><QUALIFIER NAME="CIMTYPE" PROPAGATED="true" TYPE="string" TOINSTANCE="true"><VALUE>string</VALUE></QUALIFIER><VALUE><![CDATA[<?xml version="1.0" encoding="utf-16"?><AppMgmtDigest xmlns="http://schemas.microsoft.com/SystemCenterConfigurationManager/2009/AppMgmtDigest" xmlns:xsi="http://www.w3.org/2001/XMLSchema-instance"><Application AuthoringScopeId="ScopeId_D5898518-3658-4B0E-8752-FF73A8247863" LogicalName="Application_f3c65eba-feea-44c4-8e0e-d42bc717b0b0" Version="1"><DisplayInfo DefaultLanguage="en-US"><Info Language="en-US"><Title>Delete_Profile_Schedule</Title><Publisher/><Version/></Info></DisplayInfo><DeploymentTypes><DeploymentType AuthoringScopeId="ScopeId_D5898518-3658-4B0E-8752-FF73A8247863" LogicalName="DeploymentType_81c385e4-185a-4097-8ef6-104fbc9aeea4" Version="1"/></DeploymentTypes><Title ResourceId="Res_410210058">Delete_Profile_Schedule</Title><Description ResourceId="Res_1595573879"/><Publisher ResourceId="Res_57515220"/><SoftwareVersion ResourceId="Res_775306297"/><CustomId ResourceId="Res_1427231262"/><Owners><User Qualifier="LogonName" Id="IT.Louis.Razo"/></Owners><Contacts><User Qualifier="LogonName" Id="IT.Louis.Razo"/></Contacts></Application><DeploymentType AuthoringScopeId="ScopeId_D5898518-3658-4B0E-8752-FF73A8247863" LogicalName="DeploymentType_81c385e4-185a-4097-8ef6-104fbc9aeea4" Version="1"><Title ResourceId="Res_1118808865">Create Task Profile</Title><Description ResourceId="Res_1969760465"/><DeploymentTechnology>GLOBAL/ScriptDeploymentTechnology</DeploymentTechnology><Technology>Script</Technology><Hosting>Native</Hosting><Installer Technology="Script"><ExecutionContext>System</ExecutionContext><Contents><Content ContentId="Content_aeafacc3-d5d1-4408-887d-8e3b0c18fd09" Version="1"><File Name="CreateTask.ps1" Size="2258"/><File Name="UserProfile.ps1" Size="4479"/><Location>\\sccm-data\Software\Schedule_Task\Profile_Script\</Location><PeerCache>true</PeerCache><OnFastNetwork>Download</OnFastNetwork><OnSlowNetwork>DoNothing</OnSlowNetwork></Content></Contents><DetectAction><Provider>Local</Provider><Args><Arg Name="ExecutionContext" Type="String">System</Arg><Arg Name="MethodBody" Type="String">&lt;?xml version="1.0" encoding="utf-16"?&gt;
&lt;EnhancedDetectionMethod xmlns="http://schemas.microsoft.com/SystemCenterConfigurationManager/2009/AppMgmtDigest"&gt;
  &lt;Settings xmlns="http://schemas.microsoft.com/SystemCenterConfigurationManager/2009/AppMgmtDigest"&gt;
    &lt;SimpleSetting LogicalName="RegSetting_bfb2b431-ba5c-41ee-929e-b58ca0452447" DataType="String" xmlns="http://schemas.microsoft.com/SystemsCenterConfigurationManager/2009/07/10/DesiredConfiguration"&gt;
      &lt;Annotation xmlns="http://schemas.microsoft.com/SystemsCenterConfigurationManager/2009/06/14/Rules"&gt;
        &lt;DisplayName Text="" /&gt;
        &lt;Description Text="" /&gt;
      &lt;/Annotation&gt;
      &lt;RegistryDiscoverySource Hive="HKEY_LOCAL_MACHINE" Depth="Base" Is64Bit="true" CreateMissingPath="true"&gt;
        &lt;Key&gt;SOFTWARE\MHS&lt;/Key&gt;
        &lt;ValueName&gt;SchTaskWasCreated&lt;/ValueName&gt;
      &lt;/RegistryDiscoverySource&gt;
    &lt;/SimpleSetting&gt;
    &lt;SimpleSetting LogicalName="RegSetting_1b630764-de0a-4a75-915b-2fe9b0a8ea81" DataType="String" xmlns="http://schemas.microsoft.com/SystemsCenterConfigurationManager/2009/07/10/DesiredConfiguration"&gt;
      &lt;Annotation xmlns="http://schemas.microsoft.com/SystemsCenterConfigurationManager/2009/06/14/Rules"&gt;
        &lt;DisplayName Text="" /&gt;
        &lt;Description Text="" /&gt;
      &lt;/Annotation&gt;
      &lt;RegistryDiscoverySource Hive="HKEY_LOCAL_MACHINE" Depth="Base" Is64Bit="true" CreateMissingPath="true"&gt;
        &lt;Key&gt;SOFTWARE\WOW6432Node\MHS&lt;/Key&gt;
        &lt;ValueName&gt;SchTaskWasCreated&lt;/ValueName&gt;
      &lt;/RegistryDiscoverySource&gt;
    &lt;/SimpleSetting&gt;
    &lt;File Is64Bit="false" LogicalName="File_4d1aca40-61ba-4e27-b988-65c8eb48eb6f" xmlns="http://schemas.microsoft.com/SystemsCenterConfigurationManager/2009/07/10/DesiredConfiguration"&gt;
      &lt;Annotation xmlns="http://schemas.microsoft.com/SystemsCenterConfigurationManager/2009/06/14/Rules"&gt;
        &lt;DisplayName Text="" /&gt;
        &lt;Description Text="" /&gt;
      &lt;/Annotation&gt;
      &lt;Path&gt;C:\Temps&lt;/Path&gt;
      &lt;Filter&gt;UserProfile.ps1&lt;/Filter&gt;
    &lt;/File&gt;
  &lt;/Settings&gt;
  &lt;Rule id="ScopeId_D5898518-3658-4B0E-8752-FF73A8247863/DeploymentType_81c385e4-185a-4097-8ef6-104fbc9aeea4" Severity="Informational" NonCompliantWhenSettingIsNotFound="false" xmlns="http://schemas.microsoft.com/SystemsCenterConfigurationManager/2009/06/14/Rules"&gt;
    &lt;Annotation&gt;
      &lt;DisplayName Text="" /&gt;
      &lt;Description Text="" /&gt;
    &lt;/Annotation&gt;
    &lt;Expression&gt;
      &lt;Operator&gt;Or&lt;/Operator&gt;
      &lt;Operands&gt;
        &lt;Expression&gt;
          &lt;Operator&gt;Equals&lt;/Operator&gt;
          &lt;Operands&gt;
            &lt;SettingReference AuthoringScopeId="ScopeId_D5898518-3658-4B0E-8752-FF73A8247863" LogicalName="Application_f3c65eba-feea-44c4-8e0e-d42bc717b0b0" Version="1" DataType="Boolean" SettingLogicalName="RegSetting_bfb2b431-ba5c-41ee-929e-b58ca0452447" SettingSourceType="Registry" Method="Value" PropertyPath="RegistryValueExists" Changeable="false" /&gt;
            &lt;ConstantValue Value="true" DataType="Boolean" /&gt;
          &lt;/Operands&gt;
        &lt;/Expression&gt;
        &lt;Expression&gt;
          &lt;Operator&gt;Equals&lt;/Operator&gt;
          &lt;Operands&gt;
            &lt;SettingReference AuthoringScopeId="ScopeId_D5898518-3658-4B0E-8752-FF73A8247863" LogicalName="Application_f3c65eba-feea-44c4-8e0e-d42bc717b0b0" Version="1" DataType="Boolean" SettingLogicalName="RegSetting_1b630764-de0a-4a75-915b-2fe9b0a8ea81" SettingSourceType="Registry" Method="Value" PropertyPath="RegistryValueExists" Changeable="false" /&gt;
            &lt;ConstantValue Value="true" DataType="Boolean" /&gt;
          &lt;/Operands&gt;
        &lt;/Expression&gt;
        &lt;Expression&gt;
          &lt;Operator&gt;NotEquals&lt;/Operator&gt;
          &lt;Operands&gt;
            &lt;SettingReference AuthoringScopeId="ScopeId_D5898518-3658-4B0E-8752-FF73A8247863" LogicalName="Application_f3c65eba-feea-44c4-8e0e-d42bc717b0b0" Version="1" DataType="Int64" SettingLogicalName="File_4d1aca40-61ba-4e27-b988-65c8eb48eb6f" SettingSourceType="File" Method="Count" Changeable="false" /&gt;
            &lt;ConstantValue Value="0" DataType="Int64" /&gt;
          &lt;/Operands&gt;
        &lt;/Expression&gt;
      &lt;/Operands&gt;
    &lt;/Expression&gt;
  &lt;/Rule&gt;
&lt;/EnhancedDetectionMethod&gt;</Arg></Args></DetectAction><InstallAction><Provider>Script</Provider><Args><Arg Name="InstallCommandLine" Type="String">"CreateTask.ps1"</Arg><Arg Name="WorkingDirectory" Type="String"/><Arg Name="ExecutionContext" Type="String">System</Arg><Arg Name="RequiresLogOn" Type="String"/><Arg Name="RequiresElevatedRights" Type="Boolean">false</Arg><Arg Name="RequiresUserInteraction" Type="Boolean">false</Arg><Arg Name="RequiresReboot" Type="Boolean">false</Arg><Arg Name="UserInteractionMode" Type="String">Hidden</Arg><Arg Name="PostInstallBehavior" Type="String">BasedOnExitCode</Arg><Arg Name="ExecuteTime" Type="Int32">0</Arg><Arg Name="MaxExecuteTime" Type="Int32">120</Arg><Arg Name="RunAs32Bit" Type="Boolean">false</Arg><Arg Name="SuccessExitCodes" Type="Int32[]"><Item>0</Item><Item>1707</Item></Arg><Arg Name="RebootExitCodes" Type="Int32[]"><Item>3010</Item></Arg><Arg Name="HardRebootExitCodes" Type="Int32[]"><Item>1641</Item></Arg><Arg Name="FastRetryExitCodes" Type="Int32[]"><Item>1618</Item></Arg></Args><Contents><Content ContentId="Content_aeafacc3-d5d1-4408-887d-8e3b0c18fd09" Version="1"/></Contents></InstallAction><CustomData><DetectionMethod>Enhanced</DetectionMethod><EnhancedDetectionMethod><Settings xmlns="http://schemas.microsoft.com/SystemCenterConfigurationManager/2009/AppMgmtDigest"><SimpleSetting xmlns="http://schemas.microsoft.com/SystemsCenterConfigurationManager/2009/07/10/DesiredConfiguration" LogicalName="RegSetting_bfb2b431-ba5c-41ee-929e-b58ca0452447" DataType="String"><Annotation xmlns="http://schemas.microsoft.com/SystemsCenterConfigurationManager/2009/06/14/Rules"><DisplayName Text=""/><Description Text=""/></Annotation><RegistryDiscoverySource Hive="HKEY_LOCAL_MACHINE" Depth="Base" Is64Bit="true" CreateMissingPath="true"><Key>SOFTWARE\MHS</Key><ValueName>SchTaskWasCreated</ValueName></RegistryDiscoverySource></SimpleSetting><SimpleSetting xmlns="http://schemas.microsoft.com/SystemsCenterConfigurationManager/2009/07/10/DesiredConfiguration" LogicalName="RegSetting_1b630764-de0a-4a75-915b-2fe9b0a8ea81" DataType="String"><Annotation xmlns="http://schemas.microsoft.com/SystemsCenterConfigurationManager/2009/06/14/Rules"><DisplayName Text=""/><Description Text=""/></Annotation><RegistryDiscoverySource Hive="HKEY_LOCAL_MACHINE" Depth="Base" Is64Bit="true" CreateMissingPath="true"><Key>SOFTWARE\WOW6432Node\MHS</Key><ValueName>SchTaskWasCreated</ValueName></RegistryDiscoverySource></SimpleSetting><File xmlns="http://schemas.microsoft.com/SystemsCenterConfigurationManager/2009/07/10/DesiredConfiguration" Is64Bit="false" LogicalName="File_4d1aca40-61ba-4e27-b988-65c8eb48eb6f"><Annotation xmlns="http://schemas.microsoft.com/SystemsCenterConfigurationManager/2009/06/14/Rules"><DisplayName Text=""/><Description Text=""/></Annotation><Path>C:\Temps</Path><Filter>UserProfile.ps1</Filter></File></Settings><Rule xmlns="http://schemas.microsoft.com/SystemsCenterConfigurationManager/2009/06/14/Rules" id="ScopeId_D5898518-3658-4B0E-8752-FF73A8247863/DeploymentType_81c385e4-185a-4097-8ef6-104fbc9aeea4" Severity="Informational" NonCompliantWhenSettingIsNotFound="false"><Annotation><DisplayName Text=""/><Description Text=""/></Annotation><Expression><Operator>Or</Operator><Operands><Expression><Operator>Equals</Operator><Operands><SettingReference AuthoringScopeId="ScopeId_D5898518-3658-4B0E-8752-FF73A8247863" LogicalName="Application_f3c65eba-feea-44c4-8e0e-d42bc717b0b0" Version="1" DataType="Boolean" SettingLogicalName="RegSetting_bfb2b431-ba5c-41ee-929e-b58ca0452447" SettingSourceType="Registry" Method="Value" PropertyPath="RegistryValueExists" Changeable="false"/><ConstantValue Value="true" DataType="Boolean"/></Operands></Expression><Expression><Operator>Equals</Operator><Operands><SettingReference AuthoringScopeId="ScopeId_D5898518-3658-4B0E-8752-FF73A8247863" LogicalName="Application_f3c65eba-feea-44c4-8e0e-d42bc717b0b0" Version="1" DataType="Boolean" SettingLogicalName="RegSetting_1b630764-de0a-4a75-915b-2fe9b0a8ea81" SettingSourceType="Registry" Method="Value" PropertyPath="RegistryValueExists" Changeable="false"/><ConstantValue Value="true" DataType="Boolean"/></Operands></Expression><Expression><Operator>NotEquals</Operator><Operands><SettingReference AuthoringScopeId="ScopeId_D5898518-3658-4B0E-8752-FF73A8247863" LogicalName="Application_f3c65eba-feea-44c4-8e0e-d42bc717b0b0" Version="1" DataType="Int64" SettingLogicalName="File_4d1aca40-61ba-4e27-b988-65c8eb48eb6f" SettingSourceType="File" Method="Count" Changeable="false"/><ConstantValue Value="0" DataType="Int64"/></Operands></Expression></Operands></Expression></Rule></EnhancedDetectionMethod><InstallCommandLine>"CreateTask.ps1"</InstallCommandLine><InstallContent ContentId="Content_aeafacc3-d5d1-4408-887d-8e3b0c18fd09" Version="1"/><UninstallSetting>SameAsInstall</UninstallSetting><InstallFolder/><UninstallCommandLine/><UninstallFolder/><ExitCodes><ExitCode Code="0" Class="Success"/><ExitCode Code="1707" Class="Success"/><ExitCode Code="3010" Class="SoftReboot"/><ExitCode Code="1641" Class="HardReboot"/><ExitCode Code="1618" Class="FastRetry"/></ExitCodes><UserInteractionMode>Hidden</UserInteractionMode><AllowUninstall>true</AllowUninstall></CustomData></Installer></DeploymentType></AppMgmtDigest>]]></VALUE></PROPERTY><PROPERTY.ARRAY NAME="SecuredScopeNames" CLASSORIGIN="SMS_ConfigurationItemBaseClass" TYPE="string"><QUALIFIER NAME="CIMTYPE" PROPAGATED="true" TYPE="string" TOINSTANCE="true"><VALUE>string</VALUE></QUALIFIER><VALUE.ARRAY><VALUE>Default</VALUE></VALUE.ARRAY></PROPERTY.ARRAY><PROPERTY NAME="SedoObjectVersion" CLASSORIGIN="SMS_ConfigurationItemBaseClass" TYPE="string"><QUALIFIER NAME="CIMTYPE" PROPAGATED="true" TYPE="string" TOINSTANCE="true"><VALUE>string</VALUE></QUALIFIER><VALUE>FA5B3950-2533-4D93-A11C-D577E98417BB</VALUE></PROPERTY><PROPERTY NAME="SoftwareVersion" CLASSORIGIN="SMS_Application" TYPE="string"><QUALIFIER NAME="CIMTYPE" PROPAGATED="true" TYPE="string" TOINSTANCE="true"><VALUE>string</VALUE></QUALIFIER><VALUE></VALUE></PROPERTY><PROPERTY NAME="SourceCIVersion" CLASSORIGIN="SMS_Application" TYPE="uint32"><QUALIFIER NAME="CIMTYPE" PROPAGATED="true" TYPE="string" TOINSTANCE="true"><VALUE>uint32</VALUE></QUALIFIER><VALUE>0</VALUE></PROPERTY><PROPERTY NAME="SourceModelName" CLASSORIGIN="SMS_Application" TYPE="string"><QUALIFIER NAME="CIMTYPE" PROPAGATED="true" TYPE="string" TOINSTANCE="true"><VALUE>string</VALUE></QUALIFIER><VALUE></VALUE></PROPERTY><PROPERTY NAME="SourceSite" CLASSORIGIN="SMS_ConfigurationItemBaseClass" TYPE="string"><QUALIFIER NAME="CIMTYPE" PROPAGATED="true" TYPE="string" TOINSTANCE="true"><VALUE>string</VALUE></QUALIFIER><VALUE>FS1</VALUE></PROPERTY><PROPERTY NAME="SummarizationTime" CLASSORIGIN="SMS_Application" TYPE="datetime"><QUALIFIER NAME="CIMTYPE" PROPAGATED="true" TYPE="string" TOINSTANCE="true"><VALUE>datetime</VALUE></QUALIFIER><VALUE>20180803005438.000000+000</VALUE></PROPERTY></INSTANCE>